audio_path,mse
AutoVoice\Recorder\Recordings\audio_0.wav,97.386513
AutoVoice\Recorder\Recordings\audio_96.wav,78.504036
AutoVoice\Recorder\Recordings\audio_74.wav,57.641262
AutoVoice\Recorder\Recordings\audio_1.wav,50.044971
AutoVoice\Recorder\Recordings\audio_75.wav,34.128307
AutoVoice\Recorder\Recordings\audio_100.wav,29.804985
AutoVoice\Recorder\Recordings\audio_6.wav,24.181330
AutoVoice\Recorder\Recordings\audio_37.wav,13.988952
AutoVoice\Recorder\Recordings\audio_18.wav,13.498665
AutoVoice\Recorder\Recordings\audio_43.wav,12.568449
AutoVoice\Recorder\Recordings\audio_55.wav,11.840216
AutoVoice\Recorder\Recordings\audio_14.wav,11.698152
AutoVoice\Recorder\Recordings\audio_121.wav,11.271052
AutoVoice\Recorder\Recordings\audio_42.wav,10.741668
AutoVoice\Recorder\Recordings\audio_106.wav,9.330375
AutoVoice\Recorder\Recordings\audio_99.wav,8.411982
AutoVoice\Recorder\Recordings\audio_33.wav,7.819661
AutoVoice\Recorder\Recordings\audio_49.wav,7.742007
AutoVoice\Recorder\Recordings\audio_120.wav,7.475737
AutoVoice\Recorder\Recordings\audio_3.wav,7.049386
AutoVoice\Recorder\Recordings\audio_103.wav,6.889733
AutoVoice\Recorder\Recordings\audio_30.wav,6.113904
AutoVoice\Recorder\Recordings\audio_72.wav,5.852688
AutoVoice\Recorder\Recordings\audio_119.wav,5.275116
AutoVoice\Recorder\Recordings\audio_82.wav,5.150594
AutoVoice\Recorder\Recordings\audio_9.wav,4.913807
AutoVoice\Recorder\Recordings\audio_142.wav,4.857121
AutoVoice\Recorder\Recordings\audio_23.wav,4.810291
AutoVoice\Recorder\Recordings\audio_130.wav,4.757032
AutoVoice\Recorder\Recordings\audio_34.wav,4.650847
AutoVoice\Recorder\Recordings\audio_63.wav,4.437494
AutoVoice\Recorder\Recordings\audio_47.wav,4.432442
AutoVoice\Recorder\Recordings\audio_141.wav,4.356540
AutoVoice\Recorder\Recordings\audio_15.wav,4.222150
AutoVoice\Recorder\Recordings\audio_52.wav,4.030159
AutoVoice\Recorder\Recordings\audio_105.wav,3.821706
AutoVoice\Recorder\Recordings\audio_64.wav,3.664705
AutoVoice\Recorder\Recordings\audio_10.wav,3.528612
AutoVoice\Recorder\Recordings\audio_94.wav,3.288669
AutoVoice\Recorder\Recordings\audio_2.wav,3.277248
AutoVoice\Recorder\Recordings\audio_5.wav,3.256606
AutoVoice\Recorder\Recordings\audio_25.wav,3.015955
AutoVoice\Recorder\Recordings\audio_4.wav,2.919512
AutoVoice\Recorder\Recordings\audio_24.wav,2.741469
AutoVoice\Recorder\Recordings\audio_102.wav,2.690857
AutoVoice\Recorder\Recordings\audio_92.wav,2.534667
AutoVoice\Recorder\Recordings\audio_53.wav,2.411589
AutoVoice\Recorder\Recordings\audio_41.wav,2.370564
AutoVoice\Recorder\Recordings\audio_13.wav,2.296071
AutoVoice\Recorder\Recordings\audio_8.wav,2.246906
AutoVoice\Recorder\Recordings\audio_51.wav,2.218254
AutoVoice\Recorder\Recordings\audio_133.wav,2.161865
AutoVoice\Recorder\Recordings\audio_32.wav,2.054060
AutoVoice\Recorder\Recordings\audio_66.wav,2.024747
AutoVoice\Recorder\Recordings\audio_65.wav,1.980136
AutoVoice\Recorder\Recordings\audio_60.wav,1.964475
AutoVoice\Recorder\Recordings\audio_69.wav,1.858103
AutoVoice\Recorder\Recordings\audio_48.wav,1.855235
AutoVoice\Recorder\Recordings\audio_28.wav,1.839214
AutoVoice\Recorder\Recordings\audio_70.wav,1.794078
AutoVoice\Recorder\Recordings\audio_116.wav,1.756271
AutoVoice\Recorder\Recordings\audio_68.wav,1.674920
AutoVoice\Recorder\Recordings\audio_62.wav,1.664341
AutoVoice\Recorder\Recordings\audio_97.wav,1.626818
AutoVoice\Recorder\Recordings\audio_31.wav,1.619018
AutoVoice\Recorder\Recordings\audio_73.wav,1.583908
AutoVoice\Recorder\Recordings\audio_12.wav,1.515972
AutoVoice\Recorder\Recordings\audio_67.wav,1.412696
AutoVoice\Recorder\Recordings\audio_81.wav,1.386266
AutoVoice\Recorder\Recordings\audio_80.wav,1.367154
AutoVoice\Recorder\Recordings\audio_107.wav,1.269797
AutoVoice\Recorder\Recordings\audio_39.wav,1.129935
AutoVoice\Recorder\Recordings\audio_22.wav,1.109528
AutoVoice\Recorder\Recordings\audio_91.wav,1.095188
AutoVoice\Recorder\Recordings\audio_17.wav,1.030458
AutoVoice\Recorder\Recordings\audio_38.wav,0.990750
AutoVoice\Recorder\Recordings\audio_98.wav,0.986980
AutoVoice\Recorder\Recordings\audio_20.wav,0.976521
AutoVoice\Recorder\Recordings\audio_79.wav,0.904005
AutoVoice\Recorder\Recordings\audio_45.wav,0.863750
AutoVoice\Recorder\Recordings\audio_46.wav,0.854031
AutoVoice\Recorder\Recordings\audio_88.wav,0.847421
AutoVoice\Recorder\Recordings\audio_7.wav,0.840499
AutoVoice\Recorder\Recordings\audio_54.wav,0.837539
AutoVoice\Recorder\Recordings\audio_71.wav,0.803626
AutoVoice\Recorder\Recordings\audio_77.wav,0.797083
AutoVoice\Recorder\Recordings\audio_104.wav,0.742183
AutoVoice\Recorder\Recordings\audio_87.wav,0.736509
AutoVoice\Recorder\Recordings\audio_78.wav,0.724192
AutoVoice\Recorder\Recordings\audio_93.wav,0.721286
AutoVoice\Recorder\Recordings\audio_61.wav,0.617482
AutoVoice\Recorder\Recordings\audio_89.wav,0.605542
AutoVoice\Recorder\Recordings\audio_50.wav,0.590701
AutoVoice\Recorder\Recordings\audio_58.wav,0.569483
AutoVoice\Recorder\Recordings\audio_122.wav,0.547517
AutoVoice\Recorder\Recordings\audio_139.wav,0.533147
AutoVoice\Recorder\Recordings\audio_76.wav,0.500455
AutoVoice\Recorder\Recordings\audio_125.wav,0.495731
AutoVoice\Recorder\Recordings\audio_40.wav,0.492910
AutoVoice\Recorder\Recordings\audio_134.wav,0.488290
AutoVoice\Recorder\Recordings\audio_26.wav,0.484273
AutoVoice\Recorder\Recordings\audio_83.wav,0.483227
AutoVoice\Recorder\Recordings\audio_84.wav,0.463889
AutoVoice\Recorder\Recordings\audio_86.wav,0.442490
AutoVoice\Recorder\Recordings\audio_126.wav,0.433132
AutoVoice\Recorder\Recordings\audio_57.wav,0.427128
AutoVoice\Recorder\Recordings\audio_16.wav,0.410501
AutoVoice\Recorder\Recordings\audio_136.wav,0.388888
AutoVoice\Recorder\Recordings\audio_19.wav,0.386290
AutoVoice\Recorder\Recordings\audio_44.wav,0.338626
AutoVoice\Recorder\Recordings\audio_114.wav,0.324386
AutoVoice\Recorder\Recordings\audio_85.wav,0.301158
AutoVoice\Recorder\Recordings\audio_124.wav,0.264850
AutoVoice\Recorder\Recordings\audio_123.wav,0.260451
AutoVoice\Recorder\Recordings\audio_128.wav,0.252067
AutoVoice\Recorder\Recordings\audio_21.wav,0.216465
AutoVoice\Recorder\Recordings\audio_56.wav,0.201156
AutoVoice\Recorder\Recordings\audio_131.wav,0.196942
AutoVoice\Recorder\Recordings\audio_108.wav,0.180639
AutoVoice\Recorder\Recordings\audio_138.wav,0.177404
AutoVoice\Recorder\Recordings\audio_35.wav,0.175320
AutoVoice\Recorder\Recordings\audio_101.wav,0.153382
AutoVoice\Recorder\Recordings\audio_109.wav,0.152841
AutoVoice\Recorder\Recordings\audio_129.wav,0.150656
AutoVoice\Recorder\Recordings\audio_90.wav,0.147702
AutoVoice\Recorder\Recordings\audio_29.wav,0.140219
AutoVoice\Recorder\Recordings\audio_115.wav,0.132893
AutoVoice\Recorder\Recordings\audio_110.wav,0.125569
AutoVoice\Recorder\Recordings\audio_95.wav,0.121736
AutoVoice\Recorder\Recordings\audio_27.wav,0.117312
AutoVoice\Recorder\Recordings\audio_59.wav,0.115623
AutoVoice\Recorder\Recordings\audio_113.wav,0.083072
AutoVoice\Recorder\Recordings\audio_135.wav,0.080334
AutoVoice\Recorder\Recordings\audio_143.wav,0.072904
AutoVoice\Recorder\Recordings\audio_111.wav,0.064954
AutoVoice\Recorder\Recordings\audio_36.wav,0.062460
AutoVoice\Recorder\Recordings\audio_118.wav,0.062293
AutoVoice\Recorder\Recordings\audio_117.wav,0.061570
AutoVoice\Recorder\Recordings\audio_11.wav,0.059108
AutoVoice\Recorder\Recordings\audio_140.wav,0.049954
AutoVoice\Recorder\Recordings\audio_112.wav,0.042071
AutoVoice\Recorder\Recordings\audio_137.wav,0.040175
AutoVoice\Recorder\Recordings\audio_127.wav,0.019282
AutoVoice\Recorder\Recordings\audio_132.wav,0.014067
